{"cameraMode":{"drawMode":0,"name":"Shaded","section":"Shading Mode"},"sceneLighting":false,"audioPlay":false,"sceneViewState":{"showFog":true,"showMaterialUpdate":true,"showSkybox":false,"showFlares":true,"showImageEffects":true,"showParticleSystems":true},"in2DMode":false,"pivot":{"x":2.3299999237060549,"y":-0.8999999761581421,"z":-29.55500030517578},"rotation":{"x":-0.10581443458795548,"y":0.5797873735427856,"z":-0.07627396285533905,"w":-0.8042866587638855},"size":22.0,"orthographic":true}