{"cameraMode":{"drawMode":0,"name":"Shaded","section":"Shading Mode"},"sceneLighting":false,"audioPlay":false,"sceneViewState":{"showFog":true,"showMaterialUpdate":true,"showSkybox":false,"showFlares":true,"showImageEffects":true,"showParticleSystems":true},"in2DMode":false,"pivot":{"x":2.3499999046325685,"y":-0.30400002002716067,"z":-18.270000457763673},"rotation":{"x":-0.43658921122550967,"y":0.007286103907972574,"z":-0.003531082533299923,"w":-0.8996489644050598},"size":40.742794036865237,"orthographic":true}