{"cameraMode":{"drawMode":0,"name":"Shaded","section":"Shading Mode"},"sceneLighting":false,"audioPlay":false,"sceneViewState":{"showFog":true,"showMaterialUpdate":true,"showSkybox":false,"showFlares":true,"showImageEffects":true,"showParticleSystems":true},"in2DMode":false,"pivot":{"x":2.3299999237060549,"y":3.799999952316284,"z":82.55999755859375},"rotation":{"x":0.16604360938072205,"y":0.5118535161018372,"z":-0.10157377272844315,"w":0.8367308378219605},"size":4.120090484619141,"orthographic":true}