{"cameraMode":{"drawMode":0,"name":"Shaded","section":"Shading Mode"},"sceneLighting":false,"audioPlay":false,"sceneViewState":{"showFog":true,"showMaterialUpdate":true,"showSkybox":true,"showFlares":true,"showImageEffects":true,"showParticleSystems":true},"in2DMode":false,"pivot":{"x":2.5561962127685549,"y":-2.8402316570281984,"z":-3.859041690826416},"rotation":{"x":0.08260495960712433,"y":0.7673048377037048,"z":-0.1009475514292717,"w":0.6278850436210632},"size":-0.6355346441268921,"orthographic":false}