{"cameraMode":{"drawMode":0,"name":"Shaded","section":"Shading Mode"},"sceneLighting":false,"audioPlay":false,"sceneViewState":{"showFog":true,"showMaterialUpdate":false,"showSkybox":true,"showFlares":true,"showImageEffects":true,"showParticleSystems":true},"in2DMode":false,"pivot":{"x":13.667896270751954,"y":-9.605846405029297,"z":1.0854448080062867},"rotation":{"x":0.18703395128250123,"y":0.6694391369819641,"z":-0.17987823486328126,"w":0.6960705518722534},"size":55.22980499267578,"orthographic":false}