{"cameraMode":{"drawMode":0,"name":"Shaded","section":"Shading Mode"},"sceneLighting":false,"audioPlay":false,"sceneViewState":{"showFog":true,"showMaterialUpdate":true,"showSkybox":false,"showFlares":true,"showImageEffects":true,"showParticleSystems":true},"in2DMode":false,"pivot":{"x":2.3299999237060549,"y":-1.399999976158142,"z":-7.1699981689453129},"rotation":{"x":0.102973073720932,"y":0.7480334639549255,"z":-0.11948782950639725,"w":0.6446437835693359},"size":2.994452476501465,"orthographic":true}