{"cameraMode":{"drawMode":0,"name":"Shaded","section":"Shading Mode"},"sceneLighting":false,"audioPlay":false,"sceneViewState":{"showFog":true,"showMaterialUpdate":true,"showSkybox":false,"showFlares":true,"showImageEffects":true,"showParticleSystems":true},"in2DMode":false,"pivot":{"x":2.3299999237060549,"y":3.799999713897705,"z":82.55999755859375},"rotation":{"x":0.21946857869625092,"y":0.7456578016281128,"z":-0.2942869961261749,"w":0.556097686290741},"size":4.23268461227417,"orthographic":true}