{"cameraMode":{"drawMode":0,"name":"Shaded","section":"Shading Mode"},"sceneLighting":false,"audioPlay":false,"sceneViewState":{"showFog":true,"showMaterialUpdate":true,"showSkybox":true,"showFlares":true,"showImageEffects":true,"showParticleSystems":true},"in2DMode":false,"pivot":{"x":4.112576484680176,"y":1.3694183826446534,"z":0.21762943267822267},"rotation":{"x":-0.027594946324825288,"y":0.8814250826835632,"z":-0.0518956184387207,"w":-0.4686705768108368},"size":4.780961513519287,"orthographic":false}