{"cameraMode":{"drawMode":0,"name":"Shaded","section":"Shading Mode"},"sceneLighting":false,"audioPlay":false,"sceneViewState":{"showFog":true,"showMaterialUpdate":false,"showSkybox":true,"showFlares":true,"showImageEffects":true,"showParticleSystems":true},"in2DMode":false,"pivot":{"x":2.3299999237060549,"y":-1.399999976158142,"z":-7.1699981689453129},"rotation":{"x":-0.08685651421546936,"y":0.9001484513282776,"z":-0.21058306097984315,"w":-0.3712728023529053},"size":305.2589416503906,"orthographic":false}